start_date_year,end_date_year,text_headline,text_text,media_url,media_caption,media_credit
,,Histoire du Web ,Quelles origines pour le Web ?,https://upload.wikimedia.org/wikipedia/commons/b/bf/Arpanet_logical_map%2C_march_1977.png,Réseau Arpanet 1977,ARPANET [Public domain]
1965,,Ted Nelson,<a href=’https://fr.wikipedia.org/wiki/Ted_Nelson‘> Ted Nelson </a> propose en 1965 un système de fichiers informatiques incorporant le concept d’hypertexte.,https://upload.wikimedia.org/wikipedia/commons/e/e5/Ted_Nelson_cropped.jpg,Ted Nelson en 2011,Dgies [CC BY-SA 3.0 (https://creativecommons.org/licenses/by-sa/3.0)]
1989,,Tim Berners-Lee ,<a href=’https://fr.wikipedia.org/wiki/Tim_Berners-Lee’> Tim Berners-Lee </a> propose une implémentation de l’hypertexte de Ted Nelson sur le réseau Internet : c’est la naissance du Wolrd Wide Web.,https://youtu.be/PbCG_BeL5dY,Biographie de Tim,France Culture
1991,,Première page Web en HTML,<a href=’http://info.cern.ch/hypertext/WWW/TheProject.html‘> La première page Web </a> en HTML est publiée sur un serveur Web du CERN en 1991. ,,,
1995,2000,Premiers moteurs de recherche,<p><a href=’https://fr.wikipedia.org/wiki/AltaVista‘> Alta-Vista </a> domine le marche des moteurs de recherche entre 1995 et 2000.</p> <p> Grace à de puissants serveurs il est capable d’indexer la plupart des pages du Web et de répondre à 13 millions de requêtes par jour. Il est détrôné par Google. </p>,https://www.flickr.com/photos/morville/6795467691,Barre de recherche d’Alta-Vista,Peter Morville [CC BY-SA 3.0 (https://creativecommons.org/licenses/by/2.0/)]
